{"cameraMode":{"drawMode":0,"name":"Shaded","section":"Shading Mode"},"sceneLighting":false,"audioPlay":false,"sceneViewState":{"showFog":true,"showMaterialUpdate":false,"showSkybox":false,"showFlares":true,"showImageEffects":true,"showParticleSystems":true},"in2DMode":false,"pivot":{"x":-1.2549999952316285,"y":0.8700000047683716,"z":-1.2660000324249268},"rotation":{"x":-0.32070520520210268,"y":0.3404928147792816,"z":-0.12479400634765625,"w":-0.8750147819519043},"size":1.6021469831466675,"orthographic":true}