{"cameraMode":{"drawMode":0,"name":"Shaded","section":"Shading Mode"},"sceneLighting":true,"audioPlay":false,"sceneViewState":{"showFog":true,"showMaterialUpdate":false,"showSkybox":true,"showFlares":true,"showImageEffects":true,"showParticleSystems":true},"in2DMode":false,"pivot":{"x":-2.8384792804718019,"y":1.0983244180679322,"z":4.298015117645264},"rotation":{"x":0.006621150765568018,"y":0.7908851504325867,"z":-0.008544283919036389,"w":0.6118934750556946},"size":1.2188993692398072,"orthographic":false}