{"cameraMode":{"drawMode":0,"name":"Shaded","section":"Shading Mode"},"sceneLighting":false,"audioPlay":false,"sceneViewState":{"showFog":true,"showMaterialUpdate":false,"showSkybox":false,"showFlares":true,"showImageEffects":true,"showParticleSystems":true},"in2DMode":false,"pivot":{"x":2.4277408123016359,"y":1.1610548496246338,"z":-4.565964698791504},"rotation":{"x":0.03823687136173248,"y":0.960614025592804,"z":-0.16916093230247498,"w":0.2171338051557541},"size":2.872281551361084,"orthographic":false}