{"cameraMode":{"drawMode":0,"name":"Shaded","section":"Shading Mode"},"sceneLighting":false,"audioPlay":false,"sceneViewState":{"showFog":true,"showMaterialUpdate":false,"showSkybox":false,"showFlares":true,"showImageEffects":true,"showParticleSystems":true},"in2DMode":false,"pivot":{"x":-0.7907373905181885,"y":0.9830000400543213,"z":0.0019658803939819338},"rotation":{"x":-0.5654162764549255,"y":0.06835058331489563,"z":-0.047093093395233157,"w":-0.8206253051757813},"size":1.2882542610168458,"orthographic":true}